{
  "gizmos-infos": {
    "is2D": false,
    "is3DIcon": false,
    "iconSize": 2,
    "gridVisible": true,
    "gridColor": [
      150,
      150,
      150,
      255
    ],
    "isIconGizmo3D": false,
    "iconGizmoSize": 2,
    "isGridVisible": true
  },
  "camera": {
    "fov": 45,
    "far": 10000,
    "near": 0.01,
    "color": [
      48,
      48,
      48,
      255
    ],
    "wheelSpeed": 0.01,
    "wanderSpeed": 10,
    "enableAcceleration": true,
    "far2D": 10000,
    "near2D": 1,
    "wheelSpeed2D": 6
  },
  "camera-infos": {
    "f46876e4-e81b-4931-b493-6d367be385e7": {
      "position": {
        "x": 50,
        "y": 50,
        "z": 50
      },
      "rotation": {
        "x": -0.27984814233312133,
        "y": 0.3647051996310009,
        "z": 0.11591689595929514,
        "w": 0.8804762392171493
      },
      "viewCenter": {
        "x": 0,
        "y": 0,
        "z": 0
      }
    },
    "5399152a-254a-47c2-bfd1-e4a6975d3938": {
      "position": {
        "x": 860.7510846206525,
        "y": 637.3744960416338,
        "z": 2764.9103424081923
      },
      "rotation": {
        "x": -0.017586646807673547,
        "y": -0.017936504172855795,
        "z": -0.00031554255026463766,
        "w": 0.9996843962496457
      },
      "viewCenter": {
        "x": 960,
        "y": 540,
        "z": 0
      }
    }
  },
  "camera-uuids": [
    "5399152a-254a-47c2-bfd1-e4a6975d3938"
  ],
  "float-window": {
    "position": {
      "cc": {
        "Camera": {
          "dock": false,
          "top": null,
          "bottom": 10,
          "left": null,
          "right": 10
        },
        "Terrain": {
          "dock": false,
          "top": null,
          "bottom": 10,
          "left": null,
          "right": 10
        }
      }
    }
  },
  "314rK4IL9PEYpNzLZdId5C": {
    "layer": 0,
    "sculpt": {
      "radius": 5,
      "strength": 5
    },
    "sculpt_brush": "",
    "paint_brush": "",
    "paint": {
      "radius": 5,
      "strength": 5
    }
  }
}
